exercise_name,group,current_involvement,status,reviewer,reviewed_date,changes_made,notes
Alternating Biceps Curls With Dumbbell,arms,"biceps:1.0, forearms:0.4",pending,,,,
Alternating bicep curls,arms,"biceps:1.0, forearms:0.4",pending,,,,
Alternating dumbbell hammer curl,arms,"biceps:1.0, forearms:0.7",pending,,,,
Australian pull-ups,arms,"lats:1.0, rhomboids:1.0, biceps:0.7, traps:0.4, teres:0.4, forearms:0.4",pending,,,,
Barbell Reverse Wrist Curl,arms,forearms:1.0,pending,,,,
Barbell Triceps Extension,arms,triceps:1.0,pending,,,,
Barbell Wrist Curl,arms,forearms:1.0,pending,,,,
Bayesian Curl,arms,"biceps:1.0, forearms:0.4",pending,,,,
Bench Dips On Floor HD,arms,"triceps:1.0, pectorals:0.4, deltoids:0.4",pending,,,,
Bench Press Narrow Grip,arms,"triceps:1.0, pectorals:0.7, deltoids:0.4",pending,,,,
Biceps Close Grip Pull Down,arms,"biceps:1.0, lats:0.7, forearms:0.4, rhomboids:0.4",pending,,,,
Biceps Curl Machine,arms,biceps:1.0,pending,,,,
Biceps Curl With Cable,arms,"biceps:1.0, forearms:0.4",pending,,,,
Biceps Curls With Barbell,arms,"biceps:1.0, forearms:0.4",pending,,,,
Biceps Curls With Dumbbell,arms,"biceps:1.0, forearms:0.4",pending,,,,
Biceps Curls With SZ-bar,arms,"biceps:1.0, forearms:0.4",pending,,,,
Biceps with TRX,arms,"biceps:1.0, forearms:0.4, deltoids:0.2",pending,,,,
Bizeps Curls Trifecta,arms,"biceps:1.0, forearms:0.4",pending,,,,
Bodyweight Biceps Curl,arms,"biceps:1.0, forearms:0.4",pending,,,,
Cable Concentration Curl,arms,biceps:1.0,pending,,,,
Cable Curls,arms,"biceps:1.0, forearms:0.4",pending,,,,
Cable Tri Extension - Internal Rotation,arms,triceps:1.0,pending,,,,
Cable Tricep Kickback,arms,triceps:1.0,pending,,,,
Cable Triceps Press,arms,triceps:1.0,pending,,,,
Curl  - With Shoulder Elevated,arms,"biceps:1.0, forearms:0.4",pending,,,,
Curl with kettlebell two hands,arms,"biceps:1.0, forearms:0.4",pending,,,,
DB Cross Body Hammer Curls,arms,"biceps:1.0, forearms:0.7",pending,,,,
DB Wrist Extension,arms,forearms:1.0,pending,,,,
Deadhang,arms,"forearms:1.0, lats:0.7, teres:0.4, biceps:0.2, deltoids:0.2",pending,,,,
Dips Between Two Benches,arms,"triceps:1.0, pectorals:0.4, deltoids:0.4",pending,,,,
Double Kettlebell Clean and Press,arms,"deltoids:1.0, triceps:0.7, quads:0.7, traps:0.4, glutes:0.4",pending,,,,
Drag Pushdown,arms,triceps:1.0,pending,,,,
Dumbbell Cheat Curl,arms,"biceps:1.0, forearms:0.4",pending,,,,
Dumbbell Concentration Curl,arms,biceps:1.0,pending,,,,
Dumbbell Curl,arms,"biceps:1.0, forearms:0.4",pending,,,,
Dumbbell Incline Curl,arms,"biceps:1.0, forearms:0.4",pending,,,,
Dumbbell Triceps Extension,arms,triceps:1.0,pending,,,,
Dumbbell Underhand Dead Row,arms,"lats:1.0, rhomboids:1.0, biceps:0.7, traps:0.4, teres:0.4",pending,,,,
Dumbbell bicep curl to press,arms,"biceps:1.0, deltoids:1.0, triceps:0.7, traps:0.4",pending,,,,
Dumbbell close grip bench press,arms,"triceps:1.0, pectorals:0.7, deltoids:0.4",pending,,,,
Dumbbell drag curls,arms,"biceps:1.0, forearms:0.4",pending,,,,
Dumbbell wide bicep curls,arms,"biceps:1.0, forearms:0.4",pending,,,,
Dumbbells on Scott Machine,arms,"biceps:1.0, forearms:0.4",pending,,,,
Dumbell Tate Press,arms,triceps:1.0,pending,,,,
Elbows Tucked DB Bench Press,arms,"triceps:1.0, pectorals:0.7, deltoids:0.4",pending,,,,
Finger Pushup,arms,"pectorals:1.0, triceps:0.7, deltoids:0.4, forearms:0.4",pending,,,,
Fingerboard 20 mm edge,arms,"forearms:1.0, lats:0.4, biceps:0.4, teres:0.4",pending,,,,
Floor Skull Crusher,arms,triceps:1.0,pending,,,,
Floor dips,arms,"triceps:1.0, pectorals:0.4, deltoids:0.4",pending,,,,
Forearm Curls (underhand grip),arms,forearms:1.0,pending,,,,
Hammer Curls,arms,"biceps:1.0, forearms:0.7",pending,,,,
Hammercurls on Cable,arms,"biceps:1.0, forearms:0.7",pending,,,,
Hand Grip,arms,forearms:1.0,pending,,,,
High-Cable Cross Tricep Extention - NB,arms,triceps:1.0,pending,,,,
Incline Close Grip Barbell Bench Press,arms,"triceps:1.0, pectorals:0.7, deltoids:0.4",pending,,,,
Incline Skull Crush,arms,triceps:1.0,pending,,,,
JM Press,arms,"triceps:1.0, pectorals:0.4",pending,,,,
L-Sit Pull-ups,arms,"lats:1.0, biceps:0.7, teres:0.4, rhomboids:0.4, abs:0.4, hipFlexors:0.4",pending,,,,
Lying Dumbbell Curls,arms,"biceps:1.0, forearms:0.4",pending,,,,
Lying Triceps Extensions,arms,triceps:1.0,pending,,,,
Lying Triceps Kickback,arms,triceps:1.0,pending,,,,
One Arm Overhead Cable Tricep Extension,arms,triceps:1.0,pending,,,,
One Arm Triceps Extensions on Cable,arms,triceps:1.0,pending,,,,
Overhand Cable Curl,arms,"biceps:1.0, forearms:1.0, deltoids:0.2",pending,,,,
Overhead Cable Tricep Extension,arms,triceps:1.0,pending,,,,
Overhead Triceps Extension,arms,triceps:1.0,pending,,,,
Pike Push Ups,arms,"deltoids:1.0, triceps:0.7, pectorals:0.4",pending,,,,
Plate Pinch Hold,arms,forearms:1.0,pending,,,,
Preacher Curl - Externally Rotated,arms,"biceps:1.0, forearms:0.4",pending,,,,
Preacher Curl - Internally Rotated,arms,"biceps:1.0, forearms:0.4",pending,,,,
Preacher Curls,arms,"biceps:1.0, forearms:0.4",pending,,,,
Push-up rotations,arms,"pectorals:1.0, triceps:0.7, deltoids:0.4, obliques:0.4, abs:0.4",pending,,,,
Reverse Bar Curl,arms,"biceps:1.0, forearms:0.7",pending,,,,
Reverse Curl,arms,"biceps:1.0, forearms:0.7",pending,,,,
Reverse EZ Bar Cable Curls,arms,"biceps:1.0, forearms:0.7",pending,,,,
Reverse Grip Barbell Curls,arms,"biceps:1.0, forearms:0.7",pending,,,,
Reverse Preacher Curl (Close Grip),arms,"biceps:1.0, forearms:0.7",pending,,,,
Ring Dips,arms,"triceps:1.0, pectorals:0.7, deltoids:0.4",pending,,,,
Rocking Triceps Pushdown,arms,triceps:1.0,pending,,,,
Seated Dumbbell Curls,arms,"biceps:1.0, forearms:0.4",pending,,,,
Seated Triceps Press,arms,triceps:1.0,pending,,,,
Seated W Curl,arms,"biceps:1.0, forearms:0.4",pending,,,,
Shoulder width three-point push-up,arms,"pectorals:1.0, triceps:0.7, deltoids:0.4",pending,,,,
"Shrugs, Barbells",arms,"traps:1.0, forearms:0.4",pending,,,,
"Shrugs, Dumbbells",arms,"traps:1.0, forearms:0.4",pending,,,,
Single-arm Preacher Curl,arms,"biceps:1.0, forearms:0.4",pending,,,,
Single-arm cable pushdown,arms,triceps:1.0,pending,,,,
Skullcrusher Dumbbells,arms,triceps:1.0,pending,,,,
Skullcrusher SZ-bar,arms,triceps:1.0,pending,,,,
Sloper hanging,arms,"forearms:1.0, lats:0.4, biceps:0.4",pending,,,,
Smith Machine Close-grip Bench Press,arms,"triceps:1.0, pectorals:0.7, deltoids:0.4",pending,,,,
Spider Curl,arms,"biceps:1.0, forearms:0.4",pending,,,,
Standing Bicep Curl,arms,"biceps:1.0, forearms:0.4",pending,,,,
Standing Rope Forearm,arms,forearms:1.0,pending,,,,
Straight Bar Cable Curls,arms,"biceps:1.0, forearms:0.4",pending,,,,
TRX Tricep Extension,arms,triceps:1.0,pending,,,,
TRX dips,arms,"triceps:1.0, pectorals:0.7, deltoids:0.4",pending,,,,
TRX gorilla biceps curl,arms,"biceps:1.0, forearms:0.4",pending,,,,
TRX hammer curl,arms,"biceps:1.0, forearms:0.7",pending,,,,
Tricep Dumbbell Kickback,arms,triceps:1.0,pending,,,,
Tricep Pushdown on Cable,arms,triceps:1.0,pending,,,,
Tricep Rope Pushdowns,arms,triceps:1.0,pending,,,,
Triceps Dips (Assisted),arms,"triceps:1.0, pectorals:0.4, deltoids:0.4",pending,,,,
Triceps Extensions on Cable,arms,triceps:1.0,pending,,,,
Triceps Extensions on Cable With Bar,arms,triceps:1.0,pending,,,,
Triceps Overhead (Dumbbell),arms,triceps:1.0,pending,,,,
Triceps Pushdown,arms,triceps:1.0,pending,,,,
Triceps on Machine,arms,triceps:1.0,pending,,,,
Trx Single Arm Bicep Curl,arms,"biceps:1.0, forearms:0.4",pending,,,,
Wall Pushup,arms,"pectorals:1.0, triceps:0.7, deltoids:0.4",pending,,,,
"Wrist curl, cable",arms,forearms:1.0,pending,,,,
"Wrist curl, dumbbells",arms,forearms:1.0,pending,,,,
Zottman curl,arms,"biceps:1.0, forearms:0.7",pending,,,,
knee push-ups,arms,"pectorals:1.0, triceps:0.7, deltoids:0.4",pending,,,,
one-handed kettlebell curls,arms,"biceps:1.0, forearms:0.4",pending,,,,
1-Arm Half-Kneeling Lat Pulldown,back,"lats:1.0, biceps:0.7, teres:0.4, rhomboids:0.4",pending,,,,
Alternating High Cable Row,back,"lats:1.0, rhomboids:1.0, biceps:0.7, traps:0.4, teres:0.4",pending,,,,
Alternative DB Gorilla rows,back,"lats:1.0, rhomboids:1.0, biceps:0.7, traps:0.7, teres:0.4, forearms:0.4",pending,,,,
Archer Pull Up,back,"lats:1.0, biceps:0.7, teres:0.4, rhomboids:0.4, forearms:0.4",pending,,,,
Assisted Pull-Up,back,"lats:1.0, biceps:0.7, teres:0.4, rhomboids:0.4",pending,,,,
Assisted chin-ups,back,"lats:1.0, biceps:1.0, teres:0.4, rhomboids:0.4, forearms:0.4",pending,,,,
Back Lever,back,"lats:1.0, lowerBack:1.0, abs:0.4, biceps:0.4, teres:0.4",pending,,,,
Band pull-aparts,back,"rhomboids:1.0, deltoids:1.0, traps:0.4, teres:0.4",pending,,,,
Banded Scapular Retraction,back,"rhomboids:1.0, traps:1.0, teres:0.4, deltoids:0.4",pending,,,,
Barbell Romanian Deadlift (RDL),back,"hamstrings:1.0, glutes:1.0, lowerBack:0.7, forearms:0.4",pending,,,,
Barbell Row (Overhand),back,"lats:1.0, rhomboids:1.0, traps:0.7, biceps:0.7, teres:0.4, lowerBack:0.4",pending,,,,
Barbell Row (Underhand),back,"lats:1.0, rhomboids:1.0, biceps:0.7, traps:0.4, teres:0.4, lowerBack:0.4",pending,,,,
Bent Over Dumbbell Rows,back,"lats:1.0, rhomboids:1.0, biceps:0.7, traps:0.7, teres:0.4, lowerBack:0.4",pending,,,,
Bent Over Rowing,back,"lats:1.0, rhomboids:1.0, traps:0.7, biceps:0.7, teres:0.4, lowerBack:0.4",pending,,,,
Bent Over Rowing Reverse,back,"lats:1.0, rhomboids:1.0, biceps:0.7, traps:0.4, teres:0.4, lowerBack:0.4",pending,,,,
Bent over row to external rotation,back,"rhomboids:1.0, deltoids:1.0, traps:0.7, lats:0.4, teres:0.4",pending,,,,
Butterfly Superman,back,"lowerBack:1.0, glutes:0.7, rhomboids:0.4, traps:0.4, hamstrings:0.4",pending,,,,
Chin-ups,back,"lats:1.0, biceps:1.0, teres:0.4, rhomboids:0.4, forearms:0.4",pending,,,,
Close-grip Lat Pull Down,back,"lats:1.0, biceps:0.7, teres:0.4, rhomboids:0.4",pending,,,,
Cross-Body Cable Y-Raise,back,"deltoids:1.0, traps:0.7, rhomboids:0.4",pending,,,,
Deadlifts,back,"glutes:1.0, hamstrings:1.0, lowerBack:1.0, traps:0.7, forearms:0.7, lats:0.4, quads:0.4",pending,,,,
Deficit Deadlift,back,"glutes:1.0, hamstrings:1.0, lowerBack:1.0, traps:0.7, forearms:0.7, lats:0.4, quads:0.4",pending,,,,
Dumbbell Bent Over Face Pull,back,"deltoids:1.0, traps:0.7, rhomboids:0.7, teres:0.4",pending,,,,
Dumbbell Hang Power Cleans,back,"traps:1.0, glutes:1.0, hamstrings:1.0, deltoids:0.7, quads:0.7, lowerBack:0.4, forearms:0.4",pending,,,,
Dumbbell Pullover,back,"lats:1.0, pectorals:0.4, teres:0.4, triceps:0.4",pending,,,,
Face pulls with yellow/green band,back,"deltoids:1.0, traps:0.7, rhomboids:0.7, teres:0.4",pending,,,,
Front Pull narrow,back,"lats:1.0, biceps:0.7, teres:0.4, rhomboids:0.4",pending,,,,
Front lever tuck,back,"lats:1.0, abs:1.0, lowerBack:0.4, biceps:0.4, teres:0.4",pending,,,,
Front pull wide,back,"lats:1.0, biceps:0.7, teres:0.4, rhomboids:0.4, traps:0.4",pending,,,,
Helms Row,back,"lats:1.0, rhomboids:1.0, biceps:0.7, traps:0.4, teres:0.4",pending,,,,
High Row,back,"lats:1.0, rhomboids:1.0, biceps:0.7, traps:0.7, teres:0.4",pending,,,,
"Hip Raise, Lying",back,"glutes:1.0, hamstrings:0.7, lowerBack:0.4",pending,,,,
Horizontal traction isometry,back,"lats:1.0, rhomboids:1.0, biceps:0.7, traps:0.7, teres:0.4, deltoids:0.4, forearms:0.2, abs:0.2",pending,,,,
Hyper Y W Combo,back,"lowerBack:1.0, glutes:0.7, traps:0.7, rhomboids:0.4, deltoids:0.4, hamstrings:0.4",pending,,,,
Hyperextensions,back,"lowerBack:1.0, glutes:0.7, hamstrings:0.7",pending,,,,
Incline Bench Reverse Fly,back,"deltoids:1.0, rhomboids:0.7, traps:0.4, teres:0.4",pending,,,,
Incline Chest-Supported Dumbbell Row,back,"lats:1.0, rhomboids:1.0, biceps:0.7, traps:0.4, teres:0.4",pending,,,,
Incline Dumbbell Row,back,"lats:1.0, rhomboids:1.0, biceps:0.7, traps:0.4, teres:0.4",pending,,,,
Inverted Lat Pull Down,back,"lats:1.0, rhomboids:1.0, biceps:0.7, traps:0.4, teres:0.4, abs:0.4",pending,,,,
Inverted Rows,back,"lats:1.0, rhomboids:0.7, traps:0.7, biceps:0.7, deltoids:0.4, forearms:0.4, abs:0.2",pending,,,,
KB/DB Drags,back,"lats:1.0, rhomboids:0.7, biceps:0.7, abs:0.4, traps:0.4, teres:0.2, forearms:0.2",pending,,,,
Kettlebell Row and Rotate,back,"lats:1.0, rhomboids:0.7, biceps:0.7, obliques:0.4, traps:0.4, teres:0.2, forearms:0.2",pending,,,,
Kettlebell deadlifts,back,"glutes:1.0, hamstrings:1.0, lowerBack:1.0, traps:0.7, forearms:0.7, lats:0.4, quads:0.4",pending,,,,
Kettlebell sumo high pull,back,"traps:1.0, glutes:1.0, hamstrings:0.7, deltoids:0.7, quads:0.4, biceps:0.4, lowerBack:0.4",pending,,,,
Kneeling Superman,back,"lowerBack:1.0, glutes:0.7, traps:0.4, deltoids:0.4, abs:0.4",pending,,,,
Kroc Row,back,"lats:1.0, rhomboids:1.0, biceps:0.7, traps:0.7, teres:0.4, forearms:0.4",pending,,,,
LYING DUMBBELL ROW SS SEATED SHRUG,back,"lats:1.0, traps:1.0, rhomboids:0.7, biceps:0.4, teres:0.4, forearms:0.2, deltoids:0.2",pending,,,,
Lat Pull DB,back,"lats:1.0, teres:0.7, pectorals:0.4, triceps:0.4, serratus:0.2",pending,,,,
Lat Pull Down,back,"lats:1.0, biceps:0.7, teres:0.4, rhomboids:0.4",pending,,,,
Lat Pull Down (Leaning Back),back,"lats:1.0, biceps:0.7, teres:0.4, rhomboids:0.4, traps:0.4",pending,,,,
Lat Pull Down (Straight Back),back,"lats:1.0, biceps:0.7, teres:0.4, rhomboids:0.4",pending,,,,
Lat Pulldown - Cross Body Single Arm,back,"lats:1.0, biceps:0.7, teres:0.4, rhomboids:0.4",pending,,,,
Leverage Machine Iso Row,back,"lats:1.0, rhomboids:1.0, biceps:0.7, traps:0.7, teres:0.4",pending,,,,
Long-Pulley (low Row),back,"lats:1.0, rhomboids:1.0, biceps:0.7, traps:0.4, teres:0.4",pending,,,,
"Long-Pulley, Narrow",back,"lats:1.0, rhomboids:1.0, biceps:0.7, traps:0.4, teres:0.4",pending,,,,
Lower Back Extensions,back,"lowerBack:1.0, glutes:0.7, hamstrings:0.7",pending,,,,
Meadows Row,back,"lats:1.0, rhomboids:1.0, biceps:0.7, traps:0.7, teres:0.4, forearms:0.4",pending,,,,
Muscle up,back,"lats:1.0, biceps:0.7, triceps:0.7, pectorals:0.4, deltoids:0.4, forearms:0.4",pending,,,,
Neutral Grip Lat Pulldown,back,"lats:1.0, biceps:0.7, teres:0.4, rhomboids:0.4",pending,,,,
Neutral-grip pull-ups or TRX rows,back,"lats:1.0, biceps:0.7, teres:0.4, rhomboids:0.4, forearms:0.4",pending,,,,
One Arm Bent Row,back,"lats:1.0, rhomboids:1.0, biceps:0.7, traps:0.4, teres:0.4",pending,,,,
One-Arm Heavy Row,back,"lats:1.0, rhomboids:1.0, biceps:0.7, traps:0.7, teres:0.4, forearms:0.4",pending,,,,
PULL OVER POLEA ALTA,back,"lats:1.0, teres:0.7, triceps:0.4, pectorals:0.4, rhomboids:0.2",pending,,,,
Pendelay Rows,back,"lats:1.0, rhomboids:1.0, traps:0.7, biceps:0.7, teres:0.4, lowerBack:0.4",pending,,,,
Power Clean,back,"traps:1.0, glutes:1.0, hamstrings:1.0, quads:0.7, deltoids:0.7, lowerBack:0.4, forearms:0.4",pending,,,,
Prone Scapular Retraction - Arms at Side,back,"rhomboids:1.0, traps:1.0, teres:0.4, deltoids:0.4",pending,,,,
Pull Ups on Machine,back,"lats:1.0, biceps:0.7, teres:0.4, rhomboids:0.4",pending,,,,
Pull-Ups (Neutral Grip),back,"lats:1.0, biceps:1.0, teres:0.4, rhomboids:0.4, forearms:0.4",pending,,,,
Pull-Ups (Wide Grip),back,"lats:1.0, biceps:0.7, teres:0.4, rhomboids:0.4, forearms:0.4",pending,,,,
Pull-up Isometric Hold,back,"lats:1.0, biceps:1.0, teres:0.4, rhomboids:0.4, forearms:0.4",pending,,,,
Pull-ups,back,"lats:1.0, biceps:0.7, teres:0.4, rhomboids:0.4, forearms:0.4",pending,,,,
Pullover Machine,back,"lats:1.0, teres:0.4, pectorals:0.4",pending,,,,
Pullup on fingerboard,back,"lats:1.0, biceps:0.7, forearms:0.7, teres:0.4, rhomboids:0.4, traps:0.2",pending,,,,
Quadriped Arm and Leg Raise,back,"lowerBack:1.0, glutes:0.7, traps:0.4, deltoids:0.4, abs:0.4",pending,,,,
Rack Deadlift,back,"glutes:1.0, lowerBack:1.0, traps:1.0, hamstrings:0.7, forearms:0.7, lats:0.4",pending,,,,
Renegade Row,back,"lats:1.0, rhomboids:1.0, biceps:0.7, abs:0.4, obliques:0.4, traps:0.4",pending,,,,
Reverse Cable Flye,back,"deltoids:1.0, rhomboids:0.4, traps:0.4, teres:0.4",pending,,,,
Reverse Snow Angel,back,"traps:1.0, rhomboids:1.0, deltoids:0.4, lowerBack:0.4",pending,,,,
Rope Pullover/row,back,"lats:1.0, rhomboids:0.7, biceps:0.7, teres:0.4",pending,,,,
"Rowing seated, narrow grip",back,"lats:1.0, rhomboids:1.0, biceps:0.7, traps:0.4, teres:0.4",pending,,,,
Rowing with TRX band,back,"lats:1.0, rhomboids:1.0, biceps:0.7, traps:0.4, teres:0.4, abs:0.4",pending,,,,
"Rowing, Lying on Bench",back,"lats:1.0, rhomboids:1.0, biceps:0.7, traps:0.4, teres:0.4",pending,,,,
SEATED CABLE MID TRAP SHRUG,back,"traps:1.0, rhomboids:0.7, teres:0.4",pending,,,,
Scapula Pulls,back,"lats:1.0, traps:1.0, rhomboids:0.4, forearms:0.4",pending,,,,
Seated Cable Rows,back,"lats:1.0, rhomboids:1.0, biceps:0.7, traps:0.4, teres:0.4",pending,,,,
Seated Row (Machine),back,"lats:1.0, rhomboids:1.0, biceps:0.7, traps:0.4, teres:0.4",pending,,,,
Seated V-Grip Row,back,"lats:1.0, rhomboids:1.0, biceps:0.7, traps:0.4, teres:0.4",pending,,,,
Seated rear delt rise,back,"deltoids:1.0, rhomboids:0.4, traps:0.4",pending,,,,
Shotgun Row,back,"lats:1.0, rhomboids:1.0, biceps:0.7, teres:0.4, obliques:0.4",pending,,,,
Side Straight-Arm Pulldown (Cable),back,"lats:1.0, teres:0.4, triceps:0.4",pending,,,,
Single Arm Plank to Row,back,"lats:1.0, rhomboids:1.0, biceps:0.7, abs:0.4, obliques:0.4, deltoids:0.4",pending,,,,
Single arm row,back,"lats:1.0, rhomboids:1.0, biceps:0.7, traps:0.4, teres:0.4",pending,,,,
Skydiver with arms in T-position,back,"lowerBack:1.0, traps:0.7, rhomboids:0.7, glutes:0.4, deltoids:0.4",pending,,,,
Snatch OL,back,"traps:1.0, glutes:1.0, hamstrings:1.0, deltoids:0.7, quads:0.7, lowerBack:0.4, lats:0.4, forearms:0.4",pending,,,,
Straight-Arm Pulldown (Cable),back,"lats:1.0, teres:0.4, triceps:0.4",pending,,,,
Straight-arm Pull Down (bar Attachment),back,"lats:1.0, teres:0.4, triceps:0.4",pending,,,,
Straight-arm Pull Down (rope Attachment),back,"lats:1.0, teres:0.4, triceps:0.4",pending,,,,
Superman,back,"lowerBack:1.0, glutes:0.7, hamstrings:0.4, traps:0.4",pending,,,,
T-Bar row,back,"lats:1.0, rhomboids:1.0, biceps:0.7, traps:0.4, teres:0.4",pending,,,,
TRX Rows,back,"lats:1.0, rhomboids:1.0, biceps:0.7, traps:0.7, teres:0.4, deltoids:0.4, forearms:0.2, abs:0.2",pending,,,,
Towel Superman,back,"lowerBack:1.0, glutes:0.7, traps:0.7, rhomboids:0.4, hamstrings:0.4",pending,,,,
Trap-3 Raise,back,"traps:1.0, deltoids:0.4, rhomboids:0.4",pending,,,,
Typewriter Pull-ups,back,"lats:1.0, biceps:0.7, teres:0.4, rhomboids:0.4, forearms:0.4",pending,,,,
Underhand Lat Pull Down,back,"lats:1.0, biceps:1.0, teres:0.4, rhomboids:0.4",pending,,,,
Unilateral Cable row,back,"lats:1.0, rhomboids:1.0, biceps:0.7, traps:0.4, teres:0.4",pending,,,,
Upper Back,back,"rhomboids:1.0, traps:0.7, teres:0.7, deltoids:0.4, lats:0.4, biceps:0.2",pending,,,,
V-Bar Pulldown,back,"lats:1.0, biceps:0.7, teres:0.4, rhomboids:0.4",pending,,,,
Wide Pull Up,back,"lats:1.0, teres:0.7, rhomboids:0.4, biceps:0.4, traps:0.2, forearms:0.2",pending,,,,
Wide-grip Pulldown,back,"lats:1.0, biceps:0.7, teres:0.4, rhomboids:0.4, traps:0.4",pending,,,,
YWTs,back,"traps:1.0, rhomboids:1.0, deltoids:0.7, lowerBack:0.4",pending,,,,
commando pull-ups,back,"lats:1.0, biceps:0.7, rhomboids:0.7, traps:0.4, teres:0.4, forearms:0.4, abs:0.2",pending,,,,
Bench Press,chest,"pectorals:1.0, triceps:0.7, deltoids:0.4",pending,,,,
Benchpress Dumbbells,chest,"pectorals:1.0, triceps:0.7, deltoids:0.4",pending,,,,
Bent over Cable Flye,chest,"pectorals:1.0, deltoids:0.4",pending,,,,
Burpees,chest,"pectorals:1.0, triceps:0.7, quads:0.7, glutes:0.7, deltoids:0.4, abs:0.4",pending,,,,
Butterfly,chest,pectorals:1.0,pending,,,,
Butterfly Narrow Grip,chest,"pectorals:1.0, deltoids:0.4",pending,,,,
Cable Chest Press - Decline,chest,"pectorals:1.0, triceps:0.7, deltoids:0.4",pending,,,,
Cable Chest Press - Incline,chest,"pectorals:1.0, deltoids:0.7, triceps:0.4",pending,,,,
Cable Cross-over,chest,"pectorals:1.0, deltoids:0.4",pending,,,,
Cable Fly,chest,"pectorals:1.0, deltoids:0.4",pending,,,,
Cable Fly Lower Chest,chest,"pectorals:1.0, deltoids:0.4",pending,,,,
Cable Fly Middle Chest,chest,"pectorals:1.0, deltoids:0.4",pending,,,,
Cable Fly Upper Chest,chest,"pectorals:1.0, deltoids:0.4",pending,,,,
Cable Press Around,chest,"pectorals:1.0, triceps:0.7, deltoids:0.4, serratus:0.4",pending,,,,
Chest Press,chest,"pectorals:1.0, triceps:0.7, deltoids:0.4",pending,,,,
Clap Push-UP,chest,"pectorals:1.0, triceps:0.7, deltoids:0.4",pending,,,,
Close-Grip Bench Press,chest,"triceps:1.0, pectorals:0.7, deltoids:0.4",pending,,,,
Close-grip Press-ups,chest,"pectorals:1.0, triceps:1.0, deltoids:0.4",pending,,,,
Cross-Bench Dumbbell Pullovers,chest,"pectorals:1.0, lats:0.7, serratus:0.4, triceps:0.4",pending,,,,
DB Underhand bench press,chest,"pectorals:1.0, triceps:0.7, deltoids:0.4",pending,,,,
Decline Bench Press Barbell,chest,"pectorals:1.0, triceps:0.7, deltoids:0.4",pending,,,,
Decline Bench Press Dumbbell,chest,"pectorals:1.0, triceps:0.7, deltoids:0.4",pending,,,,
Decline Pushups,chest,"pectorals:1.0, triceps:0.7, deltoids:0.4",pending,,,,
Deficit Push ups,chest,"pectorals:1.0, triceps:0.7, deltoids:0.4",pending,,,,
Diamond push ups,chest,"triceps:1.0, pectorals:0.7, deltoids:0.4",pending,,,,
Dips,chest,"pectorals:1.0, triceps:1.0, deltoids:0.4",pending,,,,
Dumbbell Floor Press,chest,"pectorals:1.0, triceps:0.7, deltoids:0.4",pending,,,,
Dumbbell Hex Press,chest,"pectorals:1.0, triceps:0.7, deltoids:0.4",pending,,,,
Dumbbell Push-Up,chest,"pectorals:1.0, triceps:0.7, deltoids:0.4",pending,,,,
Flat Machine Press,chest,"pectorals:1.0, triceps:0.7, deltoids:0.4",pending,,,,
Fly With Cable,chest,"pectorals:1.0, deltoids:0.4",pending,,,,
Fly With Dumbbells,chest,"pectorals:1.0, deltoids:0.4",pending,,,,
"Fly With Dumbbells, Decline Bench",chest,"pectorals:1.0, deltoids:0.4",pending,,,,
Hammerstrength Decline Chest Press,chest,"pectorals:1.0, triceps:0.7, deltoids:0.4",pending,,,,
High plank,chest,"abs:1.0, pectorals:0.4, deltoids:0.4, serratus:0.4",pending,,,,
High-Incline Smith Machine Press,chest,"pectorals:1.0, deltoids:0.7, triceps:0.4",pending,,,,
Incline Bench Press - Barbell,chest,"pectorals:1.0, deltoids:0.7, triceps:0.4",pending,,,,
Incline Bench Press - Dumbbell,chest,"pectorals:1.0, deltoids:0.7, triceps:0.4",pending,,,,
Incline Bench Press - MP,chest,"pectorals:1.0, deltoids:0.7, triceps:0.4",pending,,,,
Incline Chest Press DB,chest,"pectorals:1.0, deltoids:0.7, triceps:0.4",pending,,,,
Incline Dumbbell Fly,chest,"pectorals:1.0, deltoids:0.4",pending,,,,
Incline Dumbbell Press,chest,"pectorals:1.0, deltoids:0.7, triceps:0.4",pending,,,,
Incline Push up,chest,"pectorals:1.0, triceps:0.7, deltoids:0.4",pending,,,,
Incline Shoulder Press Up,chest,"serratus:1.0, deltoids:0.4, pectorals:0.4",pending,,,,
Incline Smith Press,chest,"pectorals:1.0, deltoids:0.7, triceps:0.4",pending,,,,
Incline Static Hold,chest,"pectorals:1.0, deltoids:0.4",pending,,,,
Isometric 3-Sec Wall Holds,chest,"pectorals:1.0, deltoids:0.7, triceps:0.7, serratus:0.4, abs:0.2",pending,,,,
Isometric Wipers,chest,"pectorals:1.0, triceps:0.7, deltoids:0.4, abs:0.4",pending,,,,
KB Press-Ups with Bands,chest,"pectorals:1.0, triceps:0.7, deltoids:0.4, serratus:0.2, abs:0.2",pending,,,,
Larsen Press,chest,"pectorals:1.0, triceps:0.7, deltoids:0.4",pending,,,,
Legend Chest Press,chest,"pectorals:1.0, triceps:0.7, deltoids:0.4",pending,,,,
Legend Incline Bench Press,chest,"pectorals:1.0, deltoids:0.7, triceps:0.4",pending,,,,
Leverage Machine Chest Press,chest,"pectorals:1.0, triceps:0.7, deltoids:0.4",pending,,,,
Low Pulley Cable Fly,chest,"pectorals:1.0, deltoids:0.4",pending,,,,
Low-Cable Cross-Over - NB,chest,"pectorals:1.0, deltoids:0.4",pending,,,,
Machine Chest Press,chest,"pectorals:1.0, triceps:0.7, deltoids:0.4",pending,,,,
Machine Chest Press Exercise,chest,"pectorals:1.0, triceps:0.7, deltoids:0.4",pending,,,,
Machine chest fly,chest,"pectorals:1.0, deltoids:0.4",pending,,,,
Medicine Ball Punch Throw,chest,"pectorals:1.0, deltoids:0.7, triceps:0.7, serratus:0.4, obliques:0.4, abs:0.2",pending,,,,
No Leg Drive Dumbbell Chest Press,chest,"pectorals:1.0, triceps:0.7, deltoids:0.4",pending,,,,
No push-up burpees,chest,"quads:1.0, glutes:1.0, hamstrings:0.7, deltoids:0.4, abs:0.4, pectorals:0.2",pending,,,,
Omni Cable Cross-over,chest,"pectorals:1.0, deltoids:0.4",pending,,,,
Pause Bench,chest,"pectorals:1.0, triceps:0.7, deltoids:0.4",pending,,,,
Pec Deck,chest,"pectorals:1.0, deltoids:0.4",pending,,,,
Pin Bench Press BB,chest,"pectorals:1.0, triceps:0.7, deltoids:0.4",pending,,,,
Push-Up,chest,"pectorals:1.0, triceps:0.7, deltoids:0.4, abs:0.4",pending,,,,
Push-Ups | Decline,chest,"pectorals:1.0, triceps:0.7, deltoids:0.4",pending,,,,
Push-Ups | Incline,chest,"pectorals:1.0, triceps:0.7, deltoids:0.4",pending,,,,
Push-Ups | Parallettes,chest,"pectorals:1.0, triceps:0.7, deltoids:0.4",pending,,,,
Reverse Grip Bench Press,chest,"pectorals:1.0, triceps:0.7, deltoids:0.4",pending,,,,
Ring Support Hold,chest,"pectorals:1.0, triceps:1.0, deltoids:0.7, serratus:0.4, abs:0.4",pending,,,,
SMITH MACHINE SLIGHT INCLINE PRESS,chest,"pectorals:1.0, deltoids:0.7, triceps:0.4",pending,,,,
Seated Bench Press,chest,"pectorals:1.0, triceps:0.7, deltoids:0.4",pending,,,,
Seated Cable chest fly,chest,"pectorals:1.0, deltoids:0.4",pending,,,,
Side to Side Push Ups,chest,"pectorals:1.0, triceps:0.7, deltoids:0.4, obliques:0.4",pending,,,,
Strict Press-Ups,chest,"pectorals:1.0, triceps:0.7, deltoids:0.4, serratus:0.2, abs:0.2",pending,,,,
Supine Med Ball Chest Pass,chest,"pectorals:1.0, triceps:0.7, deltoids:0.7, serratus:0.4, abs:0.2",pending,,,,
Suspended crossess,chest,"pectorals:1.0, deltoids:0.4, biceps:0.2, serratus:0.2, abs:0.2",pending,,,,
Weighted push-ups,chest,"pectorals:1.0, triceps:0.7, deltoids:0.4",pending,,,,
Wide Push-Up,chest,"pectorals:1.0, triceps:0.7, deltoids:0.4, abs:0.4",pending,,,,
Ab wheel,core,"abs:1.0, obliques:0.4, lowerBack:0.4",pending,,,,
Abdominal Crunch,core,"abs:1.0, obliques:0.7, hipFlexors:0.4",pending,,,,
Abdominal Stabilization,core,"abs:1.0, obliques:0.4, lowerBack:0.4",pending,,,,
Bag training,core,"deltoids:1.0, pectorals:0.7, obliques:0.7, abs:0.4, triceps:0.4, lats:0.4",pending,,,,
Ball Slams,core,"abs:1.0, obliques:0.7, lats:0.7, deltoids:0.4, glutes:0.4",pending,,,,
Ball crunches,core,"abs:1.0, obliques:0.4",pending,,,,
Banded Pallof Split Jerks,core,"obliques:1.0, abs:0.7, deltoids:0.7, glutes:0.4, quads:0.4, triceps:0.2",pending,,,,
Banded Rotations,core,"obliques:1.0, abs:0.7, deltoids:0.4, lowerBack:0.2",pending,,,,
Barbell Ab Rollout,core,"abs:1.0, obliques:0.4, lowerBack:0.4",pending,,,,
Battle Ropes,core,"deltoids:1.0, abs:1.0, forearms:0.7, obliques:0.7, lats:0.4, biceps:0.4, traps:0.4",pending,,,,
Bear crawl pull through,core,"abs:1.0, obliques:0.7, deltoids:0.7, glutes:0.4, quads:0.4",pending,,,,
Bird Dog,core,"abs:1.0, lowerBack:0.4, glutes:0.4, obliques:0.4",pending,,,,
Black Widow Knee Slides,core,"abs:1.0, obliques:0.7, hipFlexors:0.4",pending,,,,
Butterfly Sit Up,core,"abs:1.0, obliques:0.4, hipFlexors:0.4",pending,,,,
Cable Woodchoppers,core,"obliques:1.0, abs:0.7, lats:0.4",pending,,,,
Clamshell,core,"glutes:1.0, abs:0.4",pending,,,,
Core Rotation,core,"obliques:1.0, abs:0.7, serratus:0.4",pending,,,,
Crunches,core,abs:1.0,pending,,,,
Crunches With Cable,core,"abs:1.0, obliques:0.4",pending,,,,
Crunches With Legs Up,core,"abs:1.0, obliques:0.4",pending,,,,
Crunches on Machine,core,"abs:1.0, obliques:0.4",pending,,,,
Deadbug,core,"abs:1.0, hipFlexors:0.4, obliques:0.4",pending,,,,
Decline Bench Leg Raise,core,"abs:1.0, hipFlexors:0.7, obliques:0.4",pending,,,,
Double-Leg Abdominal Press,core,"abs:1.0, hipFlexors:0.4, obliques:0.4",pending,,,,
Dragon-flag,core,"abs:1.0, obliques:0.7, lowerBack:0.4, lats:0.4",pending,,,,
Dumbbell Crunches,core,"abs:1.0, obliques:0.4",pending,,,,
Dumbbell Side Bend,core,"obliques:1.0, abs:0.4",pending,,,,
Dynamic Planche,core,"abs:1.0, deltoids:0.7, serratus:0.4, obliques:0.4",pending,,,,
Dynamic side hold,core,"obliques:1.0, abs:0.4",pending,,,,
Flutter Kicks,core,"abs:1.0, hipFlexors:0.7, obliques:0.4",pending,,,,
Frog stand,core,"abs:1.0, deltoids:0.7, forearms:0.4, biceps:0.4",pending,,,,
Front Lever,core,"abs:1.0, lats:1.0, obliques:0.4, forearms:0.4",pending,,,,
Front Wood Chop,core,"obliques:1.0, abs:0.7, deltoids:0.4, lats:0.4, serratus:0.2",pending,,,,
Front lever pull-up,core,"lats:1.0, abs:0.7, biceps:0.7, deltoids:0.4, forearms:0.4",pending,,,,
Full Sit Outs,core,"abs:1.0, obliques:0.7, glutes:0.4, deltoids:0.4",pending,,,,
Glute Bridge Single-Arm Press,core,"pectorals:1.0, triceps:1.0, glutes:0.7, deltoids:0.4, abs:0.4",pending,,,,
Hanging Leg Raises,core,"abs:1.0, hipFlexors:0.7, obliques:0.4",pending,,,,
Heel Touches,core,"obliques:1.0, abs:0.4",pending,,,,
High Knee Jumps,core,"hipFlexors:1.0, quads:1.0, calves:0.7, abs:0.4",pending,,,,
High knees,core,"hipFlexors:1.0, quads:0.7, calves:0.7, abs:0.4",pending,,,,
Hollow Hold,core,"abs:1.0, obliques:0.4, hipFlexors:0.4",pending,,,,
Incline Crunches,core,"abs:1.0, obliques:0.4",pending,,,,
Incline Plank With Alternate Floor Touch,core,"abs:1.0, obliques:0.7, deltoids:0.4",pending,,,,
Jump rope: basic jumps,core,"calves:1.0, quads:0.4, abs:0.4, forearms:0.4",pending,,,,
Jumping Jack HD,core,"quads:1.0, glutes:0.7, calves:0.7, abs:0.4, deltoids:0.4",pending,,,,
Knee Raises,core,"abs:1.0, hipFlexors:0.7, obliques:0.4",pending,,,,
Kneeling Pallof Iso Holds,core,"obliques:1.0, abs:0.7, deltoids:0.4, glutes:0.2, hipFlexors:0.2",pending,,,,
Kneeling Rotational Throws,core,"obliques:1.0, abs:0.7, deltoids:0.7, pectorals:0.4, triceps:0.2, glutes:0.2",pending,,,,
L-Sit (Foot Supported),core,"abs:1.0, hipFlexors:0.7, quads:0.4, triceps:0.4",pending,,,,
L-sit,core,"abs:1.0, hipFlexors:0.7, quads:0.4, triceps:0.4",pending,,,,
Landmine Rotation,core,"obliques:1.0, abs:0.7, deltoids:0.4",pending,,,,
Lateral Plank Walk,core,"abs:1.0, deltoids:0.7, obliques:0.7, pectorals:0.4, serratus:0.4, triceps:0.2",pending,,,,
Lateral Shuffle to MB Throw,core,"obliques:1.0, abs:0.7, deltoids:0.7, glutes:0.4, quads:0.4, calves:0.4, pectorals:0.2",pending,,,,
Leg Lowers with 2-Sec Pause,core,"abs:1.0, hipFlexors:0.7, quads:0.4, obliques:0.2",pending,,,,
Leg Raise,core,"abs:1.0, hipFlexors:0.7, obliques:0.4",pending,,,,
"Leg Raises, Standing",core,"abs:1.0, hipFlexors:0.7, obliques:0.4",pending,,,,
Leg raises pull up bar,core,"abs:1.0, hipFlexors:1.0, obliques:0.4, forearms:0.2, lats:0.2",pending,,,,
Lying Leg Raise,core,"abs:1.0, hipFlexors:0.7, obliques:0.4",pending,,,,
Manual Iso Holds,core,"obliques:1.0, abs:0.7, deltoids:0.4",pending,,,,
Medicine ball booklet crunch,core,"abs:1.0, hipFlexors:1.0, obliques:0.4, quads:0.2",pending,,,,
Medicine ball twist,core,"obliques:1.0, abs:0.7",pending,,,,
Mountain climbers,core,"abs:1.0, obliques:0.4, hipFlexors:0.4",pending,,,,
One armed push-ups,core,"pectorals:1.0, triceps:1.0, abs:0.7, obliques:0.7, deltoids:0.4",pending,,,,
PALLOF PRESS,core,"obliques:1.0, abs:0.7, deltoids:0.4",pending,,,,
Pallof Wall Iso Holds,core,"obliques:1.0, abs:0.7, deltoids:0.4, glutes:0.2",pending,,,,
Plank,core,"abs:1.0, obliques:0.7, lowerBack:0.4",pending,,,,
Plank Clockface with Bands (warm-up),core,"abs:1.0, deltoids:0.7, obliques:0.7, serratus:0.4, glutes:0.4, rhomboids:0.2",pending,,,,
Plank Holds with Elevated Hands,core,"abs:1.0, obliques:0.7, deltoids:0.4, glutes:0.2",pending,,,,
Plank Jacks,core,"abs:1.0, obliques:0.4, glutes:0.4",pending,,,,
Plank Reach,core,"abs:1.0, obliques:0.7, deltoids:0.4",pending,,,,
Plank Row with Toe Touch (warm-up),core,"abs:1.0, lats:0.7, deltoids:0.7, obliques:0.4, glutes:0.4, hamstrings:0.4, biceps:0.2, rhomboids:0.2",pending,,,,
Plank Shoulder Taps,core,"abs:1.0, obliques:0.7, deltoids:0.4",pending,,,,
Plank with Alternating Leg Lift,core,"abs:1.0, glutes:0.7, obliques:0.4, lowerBack:0.4, deltoids:0.2, hipFlexors:0.2",pending,,,,
Plank-to-Elbow Extension,core,"abs:1.0, obliques:0.7, deltoids:0.4, triceps:0.4",pending,,,,
Reverse Plank,core,"abs:1.0, glutes:0.4, lowerBack:0.4",pending,,,,
Reverse Wood Chops,core,"obliques:1.0, abs:0.7, deltoids:0.4, glutes:0.4, lats:0.2",pending,,,,
Reverse crunch,core,"abs:1.0, hipFlexors:0.4, obliques:0.4",pending,,,,
Roman Chair Crunch,core,"abs:1.0, obliques:0.4",pending,,,,
Rotary Torso Machine,core,"obliques:1.0, abs:0.4",pending,,,,
Rotational Med Ball Slams (warm-up),core,"obliques:1.0, abs:0.7, lats:0.7, deltoids:0.4, glutes:0.4, triceps:0.2, lowerBack:0.2",pending,,,,
Rotational Plank,core,"obliques:1.0, abs:0.7, deltoids:0.4, glutes:0.2",pending,,,,
Russian Twist,core,"obliques:1.0, abs:0.7",pending,,,,
Seated Corkscrew,core,"obliques:1.0, abs:0.7, hipFlexors:0.4",pending,,,,
Seated Knee Tuck,core,"abs:1.0, hipFlexors:0.7, obliques:0.4",pending,,,,
Side Bends on Machine,core,"obliques:1.0, abs:0.4",pending,,,,
Side Crunch,core,"obliques:1.0, abs:0.4",pending,,,,
Side Dumbbell Trunk Flexion,core,"obliques:1.0, lowerBack:0.4, lats:0.2, forearms:0.2",pending,,,,
Side Plank,core,"obliques:1.0, abs:0.4",pending,,,,
Single Arm MB Holds,core,"obliques:1.0, abs:0.7, deltoids:0.4, forearms:0.2",pending,,,,
Sit Up Elbow Thrust,core,"abs:1.0, obliques:0.7, hipFlexors:0.4",pending,,,,
Sit-ups,core,"abs:1.0, hipFlexors:0.4",pending,,,,
Sled Push,core,"quads:1.0, glutes:1.0, calves:0.7, hamstrings:0.4, deltoids:0.4",pending,,,,
Splinter Sit-ups,core,"abs:1.0, obliques:0.7, hipFlexors:0.4",pending,,,,
Split Stance Rotational Throws,core,"obliques:1.0, abs:0.7, deltoids:0.7, glutes:0.4, pectorals:0.4, triceps:0.2, quads:0.2",pending,,,,
Standing Plate Rotations,core,"obliques:1.0, abs:0.7, lowerBack:0.4, deltoids:0.2",pending,,,,
Standing Side Crunches,core,"obliques:1.0, abs:0.4",pending,,,,
Step Jack,core,"quads:1.0, glutes:0.7, abs:0.4, deltoids:0.4, calves:0.4",pending,,,,
Straddle L-Sit,core,"abs:1.0, hipFlexors:0.7, quads:0.4, triceps:0.4",pending,,,,
Straight Arm Straight Leg Sit Ups,core,"abs:1.0, hipFlexors:0.7, obliques:0.4, quads:0.2",pending,,,,
Straight Leg Sit Ups with Med Ball,core,"abs:1.0, hipFlexors:0.7, obliques:0.4, deltoids:0.2",pending,,,,
Suitcase Carry,core,"obliques:1.0, abs:0.7, traps:0.4, forearms:0.4, glutes:0.4",pending,,,,
Supine Core Holds with Weight,core,"abs:1.0, hipFlexors:0.7, obliques:0.4, quads:0.2",pending,,,,
Swiss Ball Plank Circles,core,"abs:1.0, obliques:0.7, deltoids:0.7, serratus:0.4, glutes:0.2",pending,,,,
TORSO TWIST,core,"obliques:1.0, abs:0.7",pending,,,,
TRX Obliques,core,"obliques:1.0, abs:0.7, serratus:0.4, deltoids:0.4",pending,,,,
TRX Rollouts,core,"abs:1.0, obliques:0.7, lats:0.7, deltoids:0.4, serratus:0.4, lowerBack:0.2",pending,,,,
TRX roll out,core,"abs:1.0, obliques:0.4, lowerBack:0.4, serratus:0.4",pending,,,,
Toe Taps,core,"abs:1.0, obliques:0.4, hipFlexors:0.4",pending,,,,
Toes to bar,core,"abs:1.0, hipFlexors:0.7, obliques:0.4, lats:0.4",pending,,,,
Trunk Rotation With Cable,core,"obliques:1.0, abs:0.7, lats:0.4",pending,,,,
Tuck L-sit,core,"abs:1.0, hipFlexors:0.7, triceps:0.4",pending,,,,
Turkish Get-Up,core,"deltoids:1.0, glutes:0.7, obliques:0.7, abs:0.4, quads:0.4, triceps:0.4",pending,,,,
Weighted Crunch,core,"abs:1.0, obliques:0.4, hipFlexors:0.2",pending,,,,
Weighted Leg Lowers,core,"abs:1.0, hipFlexors:0.7, quads:0.4, obliques:0.2",pending,,,,
Weighted ½ Deadbugs (warm-up),core,"abs:1.0, hipFlexors:0.7, obliques:0.4, deltoids:0.2, quads:0.2",pending,,,,
Windshield Wipers,core,"obliques:1.0, abs:0.7, hipFlexors:0.4",pending,,,,
bicycle crunches,core,"abs:1.0, obliques:0.7, hipFlexors:0.4",pending,,,,
box jumps,core,"quads:1.0, glutes:1.0, calves:0.7, hamstrings:0.4",pending,,,,
½ Kneeling Rotational Med Ball Throws,core,"obliques:1.0, abs:0.7, deltoids:0.7, glutes:0.4, pectorals:0.4, triceps:0.2",pending,,,,
1 Leg Box Squat,legs,"quads:1.0, glutes:1.0, hamstrings:0.7, adductors:0.4",pending,,,,
2 Handed Kettlebell Swing,legs,"glutes:1.0, hamstrings:1.0, lowerBack:0.7, quads:0.4, abs:0.4, forearms:0.2, traps:0.2",pending,,,,
Abduction while standing,legs,glutes:1.0,pending,,,,
Ali Shuffle,legs,"calves:1.0, quads:0.7, hipFlexors:0.7, glutes:0.4, abs:0.2",pending,,,,
Alternate back lunges,legs,"quads:1.0, glutes:1.0, hamstrings:0.7, adductors:0.4, calves:0.4, abs:0.2",pending,,,,
Altitude Landings,legs,"quads:1.0, glutes:1.0, calves:0.7, hamstrings:0.7, adductors:0.4, abs:0.2",pending,,,,
Altitude Landings to Jump,legs,"quads:1.0, glutes:1.0, calves:0.7, hamstrings:0.7, adductors:0.4, abs:0.2",pending,,,,
Altitude Landings to Lateral Shuffle,legs,"quads:1.0, glutes:1.0, adductors:0.7, calves:0.7, hamstrings:0.4, abs:0.2",pending,,,,
Back bridge,legs,"glutes:1.0, lowerBack:0.7, hamstrings:0.7, quads:0.4, deltoids:0.2",pending,,,,
Banded 1.5 Squats,legs,"quads:1.0, glutes:1.0, hamstrings:0.7, adductors:0.4, calves:0.4, abs:0.2, lowerBack:0.2",pending,,,,
Banded Accentuated CMJ,legs,"quads:1.0, glutes:1.0, calves:0.7, hamstrings:0.7, adductors:0.4, abs:0.2",pending,,,,
Banded Side Clams,legs,"glutes:1.0, adductors:0.4",pending,,,,
Banded Side Walks,legs,"glutes:1.0, adductors:0.4, quads:0.4",pending,,,,
Banded Single Leg Hip Thrusts,legs,"glutes:1.0, hamstrings:0.7, abs:0.4, quads:0.2",pending,,,,
Barbell Full Squat,legs,"quads:1.0, glutes:1.0, hamstrings:0.7, lowerBack:0.4, adductors:0.4",pending,,,,
Barbell Hack Squats,legs,"quads:1.0, glutes:1.0, hamstrings:0.7, lowerBack:0.4",pending,,,,
Barbell Hip Thrust,legs,"glutes:1.0, hamstrings:0.7, quads:0.4",pending,,,,
Barbell Lunges Standing,legs,"quads:1.0, glutes:1.0, hamstrings:0.7, adductors:0.4",pending,,,,
Barbell Lunges Walking,legs,"quads:1.0, glutes:1.0, hamstrings:0.7, adductors:0.4",pending,,,,
Barbell Step Back Lunge,legs,"quads:1.0, glutes:1.0, hamstrings:0.7, adductors:0.4",pending,,,,
Belt Squat,legs,"quads:1.0, glutes:1.0, hamstrings:0.7, adductors:0.4",pending,,,,
Bodyweight Squat HD,legs,"quads:1.0, glutes:1.0, hamstrings:0.7, adductors:0.4",pending,,,,
Bodyweight lunge HD,legs,"quads:1.0, glutes:1.0, hamstrings:0.7, adductors:0.4",pending,,,,
Box squat,legs,"quads:1.0, glutes:1.0, hamstrings:0.7, adductors:0.4, lowerBack:0.4, abs:0.2, calves:0.2",pending,,,,
Braced Squat,legs,"quads:1.0, glutes:1.0, hamstrings:0.7, adductors:0.4",pending,,,,
Bulgarian Squat with Dumbbells,legs,"quads:1.0, glutes:1.0, hamstrings:0.7, adductors:0.4",pending,,,,
CMJ with Hands on Hips,legs,"quads:1.0, glutes:1.0, calves:0.7, hamstrings:0.7, adductors:0.4, abs:0.2",pending,,,,
Cable pull through,legs,"glutes:1.0, hamstrings:0.7, lowerBack:0.4",pending,,,,
Calf Press Using Leg Press Machine,legs,calves:1.0,pending,,,,
Calf Raise using Hack Squat Machine,legs,calves:1.0,pending,,,,
Calf Raises on Hackenschmitt Machine,legs,calves:1.0,pending,,,,
"Calf raises, one legged",legs,calves:1.0,pending,,,,
Clean,legs,"quads:1.0, glutes:1.0, hamstrings:1.0, traps:0.7, deltoids:0.7, lowerBack:0.4, forearms:0.4",pending,,,,
Copenhagen Adduction Exercise,legs,"adductors:1.0, obliques:0.4, abs:0.4",pending,,,,
Cossack squat,legs,"quads:1.0, glutes:1.0, adductors:0.7, hamstrings:0.4",pending,,,,
Criss Cross Jump,legs,"calves:1.0, quads:1.0, adductors:0.7, glutes:0.7, hamstrings:0.4, abs:0.2",pending,,,,
Double Kettlebell Front Squat,legs,"quads:1.0, glutes:0.7, abs:0.4, adductors:0.4",pending,,,,
Double Leg Calf Raise,legs,calves:1.0,pending,,,,
Dragon squat,legs,"quads:1.0, glutes:1.0, hamstrings:0.7, adductors:0.7, calves:0.4, abs:0.2",pending,,,,
Dumbbell CMJ (2 kg each hand),legs,"quads:1.0, glutes:1.0, calves:0.7, hamstrings:0.7, deltoids:0.4, abs:0.2",pending,,,,
Dumbbell Deadlift,legs,"hamstrings:1.0, glutes:1.0, lowerBack:0.7, quads:0.4, forearms:0.4",pending,,,,
Dumbbell Frog Press,legs,"glutes:1.0, hamstrings:0.7, adductors:0.4",pending,,,,
Dumbbell Front Squat,legs,"quads:1.0, glutes:0.7, abs:0.4, adductors:0.4",pending,,,,
Dumbbell Goblet Squat,legs,"quads:1.0, glutes:1.0, hamstrings:0.7, adductors:0.4",pending,,,,
Dumbbell Hip Thrust,legs,"glutes:1.0, hamstrings:0.7, quads:0.4",pending,,,,
Dumbbell Lunges Standing,legs,"quads:1.0, glutes:1.0, hamstrings:0.7, adductors:0.4",pending,,,,
Dumbbell Lunges Walking,legs,"quads:1.0, glutes:1.0, hamstrings:0.7, adductors:0.4",pending,,,,
Dumbbell Rear Lunge,legs,"quads:1.0, glutes:1.0, hamstrings:0.7, adductors:0.4",pending,,,,
Dumbbell Romanian Deadlift,legs,"hamstrings:1.0, glutes:1.0, lowerBack:0.7, forearms:0.4",pending,,,,
Dumbbell Side Squat,legs,"quads:1.0, glutes:1.0, adductors:0.7, hamstrings:0.4",pending,,,,
Dumbbell Split Squat,legs,"quads:1.0, glutes:1.0, hamstrings:0.7, adductors:0.4",pending,,,,
Dumbbell Thruster,legs,"quads:1.0, glutes:1.0, deltoids:0.7, triceps:0.4, abs:0.4",pending,,,,
Dumbbell farmer's carry,legs,"forearms:1.0, traps:1.0, glutes:0.7, quads:0.7, abs:0.4, obliques:0.4",pending,,,,
Dumbbell sumo deadlift,legs,"glutes:1.0, adductors:1.0, quads:0.7, hamstrings:0.7, lowerBack:0.4",pending,,,,
Exercise Band Dorsiflexion,legs,shins:1.0,pending,,,,
Exercise Band Plantarflexion,legs,calves:1.0,pending,,,,
Falling CMJ,legs,"quads:1.0, glutes:1.0, calves:0.7, hamstrings:0.7, adductors:0.4, abs:0.2",pending,,,,
Fast Pogos,legs,"calves:1.0, quads:0.7, glutes:0.4, shins:0.2, abs:0.2",pending,,,,
Fire Hydrants,legs,"glutes:1.0, adductors:0.4",pending,,,,
Front Squats,legs,"quads:1.0, glutes:0.7, lowerBack:0.4, abs:0.4",pending,,,,
Glute Bridge,legs,"glutes:1.0, hamstrings:0.4",pending,,,,
Glute Drive,legs,"glutes:1.0, hamstrings:0.7, quads:0.4",pending,,,,
Glute Kickback (Machine),legs,"glutes:1.0, hamstrings:0.4",pending,,,,
Goblet Reverse Lunge,legs,"quads:1.0, glutes:1.0, hamstrings:0.7, adductors:0.4, calves:0.4, abs:0.2",pending,,,,
Goblet Reverse Lunge with Knee Raise,legs,"quads:1.0, glutes:1.0, hamstrings:0.7, hipFlexors:0.7, adductors:0.4, calves:0.4, abs:0.2",pending,,,,
Goblet Split Squat,legs,"quads:1.0, glutes:1.0, hamstrings:0.7, adductors:0.4, calves:0.4, abs:0.2",pending,,,,
Goblet Squat to Press,legs,"quads:1.0, glutes:1.0, deltoids:0.7, hamstrings:0.7, triceps:0.4, abs:0.4, calves:0.2, adductors:0.2",pending,,,,
Good Mornings,legs,"hamstrings:1.0, lowerBack:1.0, glutes:0.7",pending,,,,
Hack Squats,legs,"quads:1.0, glutes:0.4",pending,,,,
Hamstring Kicks,legs,"hamstrings:1.0, glutes:0.4, calves:0.4",pending,,,,
High Knee Skips HD,legs,"hipFlexors:1.0, calves:1.0, quads:0.7, glutes:0.4, hamstrings:0.4, abs:0.2",pending,,,,
Hindu Squats,legs,"quads:1.0, glutes:1.0, calves:0.4, hamstrings:0.4",pending,,,,
Hinge with Broomstick,legs,"hamstrings:1.0, glutes:1.0, lowerBack:0.4, abs:0.2",pending,,,,
Hip Bridge,legs,"glutes:1.0, hamstrings:0.4",pending,,,,
Hip Thrust,legs,"glutes:1.0, hamstrings:0.7",pending,,,,
Hip hinge,legs,"hamstrings:1.0, glutes:1.0, lowerBack:0.7, abs:0.2",pending,,,,
Hop + Hold,legs,"quads:1.0, glutes:1.0, calves:0.7, hamstrings:0.4, adductors:0.4, abs:0.2",pending,,,,
Horse Stance (Side Splits),legs,"quads:1.0, adductors:1.0, glutes:0.7, calves:0.4, abs:0.2",pending,,,,
Ice Skaters,legs,"glutes:1.0, quads:1.0, adductors:0.7, calves:0.7, hamstrings:0.4, abs:0.2",pending,,,,
Ice Skaters to Vertical Hop,legs,"glutes:1.0, quads:1.0, adductors:0.7, calves:0.7, hamstrings:0.4, abs:0.2",pending,,,,
Ice Skaters with Medicine Ball,legs,"glutes:1.0, quads:1.0, adductors:0.7, calves:0.7, deltoids:0.4, hamstrings:0.4, abs:0.2",pending,,,,
Isometric Squat to Failure,legs,"quads:1.0, glutes:1.0, adductors:0.4",pending,,,,
Jumping Jacks,legs,"calves:1.0, deltoids:0.7, glutes:0.7, quads:0.4, abs:0.2",pending,,,,
Kettlebell One Legged Deadlift,legs,"hamstrings:1.0, glutes:1.0, lowerBack:0.7, forearms:0.4",pending,,,,
Kettlebell RDL (warm-up),legs,"hamstrings:1.0, glutes:1.0, lowerBack:0.7, forearms:0.4, abs:0.2, traps:0.2",pending,,,,
Kettlebell Swings,legs,"glutes:1.0, hamstrings:1.0, lowerBack:0.7, quads:0.4, deltoids:0.4",pending,,,,
Kickstand RDL,legs,"hamstrings:1.0, glutes:1.0, lowerBack:0.7, forearms:0.4",pending,,,,
Kneeling kickbacks,legs,"glutes:1.0, hamstrings:0.4",pending,,,,
Landmine Reverse Lunge with Knee Raise,legs,"quads:1.0, glutes:1.0, hamstrings:0.7, hipFlexors:0.7, adductors:0.4, abs:0.2, deltoids:0.2",pending,,,,
Landmine Single Leg RDL,legs,"hamstrings:1.0, glutes:1.0, lowerBack:0.7, adductors:0.4, forearms:0.4, abs:0.2",pending,,,,
Landmine Squat,legs,"quads:1.0, glutes:1.0, hamstrings:0.7, adductors:0.4, lowerBack:0.4, abs:0.2, calves:0.2",pending,,,,
Landmine Squat to Press,legs,"quads:1.0, glutes:1.0, deltoids:0.7, triceps:0.4, abs:0.4",pending,,,,
Lateral Push Off,legs,"quads:1.0, glutes:1.0, adductors:0.7, calves:0.7, hamstrings:0.4, abs:0.2",pending,,,,
Leg Curl,legs,"hamstrings:1.0, calves:0.4",pending,,,,
Leg Curls (laying),legs,"hamstrings:1.0, calves:0.4",pending,,,,
Leg Curls (sitting),legs,"hamstrings:1.0, calves:0.4",pending,,,,
Leg Curls (standing),legs,"hamstrings:1.0, calves:0.4",pending,,,,
Leg Extension,legs,quads:1.0,pending,,,,
Leg Press,legs,"quads:1.0, glutes:1.0, hamstrings:0.7, adductors:0.4",pending,,,,
Leg Press Toe Press,legs,calves:1.0,pending,,,,
Leg Press on Hackenschmidt Machine,legs,"quads:1.0, glutes:1.0, hamstrings:0.7, adductors:0.4",pending,,,,
Leg Presses (narrow),legs,"quads:1.0, glutes:0.7, hamstrings:0.4",pending,,,,
Leg Presses (wide),legs,"quads:1.0, glutes:1.0, adductors:0.7, hamstrings:0.4",pending,,,,
Leg curl with elastic,legs,"hamstrings:1.0, calves:0.4",pending,,,,
Low Box Squat - Wide Stance,legs,"quads:1.0, glutes:1.0, hamstrings:0.7, adductors:0.7, lowerBack:0.4",pending,,,,
Lunge + Overhead Press (warm-up),legs,"quads:1.0, glutes:1.0, deltoids:0.7, hamstrings:0.7, triceps:0.4, abs:0.4, calves:0.2, adductors:0.2",pending,,,,
Lunge Matrix,legs,"quads:1.0, glutes:1.0, hamstrings:0.7, adductors:0.7, calves:0.4, abs:0.2",pending,,,,
Lunges,legs,"quads:1.0, glutes:1.0, hamstrings:0.7, adductors:0.4",pending,,,,
Machine Hip Abduction,legs,glutes:1.0,pending,,,,
Marching High Knees,legs,"hipFlexors:1.0, quads:0.7, calves:0.7, glutes:0.4, abs:0.4",pending,,,,
Nordic Curl,legs,"hamstrings:1.0, glutes:0.4, calves:0.4",pending,,,,
Overhead Squat,legs,"quads:1.0, glutes:1.0, hamstrings:0.7, deltoids:0.4, lowerBack:0.4, abs:0.4",pending,,,,
Pause Hack Squats,legs,"quads:1.0, glutes:0.7, hamstrings:0.4",pending,,,,
Pendular hack,legs,"quads:1.0, glutes:0.7, hamstrings:0.4, calves:0.4, adductors:0.2",pending,,,,
Pendulum Squat,legs,"quads:1.0, glutes:1.0, hamstrings:0.7, adductors:0.4",pending,,,,
Pin Squat,legs,"quads:1.0, glutes:1.0, hamstrings:0.7, lowerBack:0.4",pending,,,,
Pistol Squat,legs,"quads:1.0, glutes:1.0, hamstrings:0.7, adductors:0.4, abs:0.4",pending,,,,
Pogos,legs,"calves:1.0, quads:0.7, glutes:0.4, hamstrings:0.4, shins:0.2, abs:0.2",pending,,,,
Prisoner Squat,legs,"quads:1.0, glutes:1.0, hamstrings:0.7, adductors:0.4",pending,,,,
Prisoner Squats with Overhead Reach,legs,"quads:1.0, glutes:1.0, hamstrings:0.7, deltoids:0.4, adductors:0.4, abs:0.2, calves:0.2",pending,,,,
Quadruped Hip Abduction,legs,glutes:1.0,pending,,,,
Quadruped Hip Extensions,legs,"glutes:1.0, hamstrings:0.4, lowerBack:0.4",pending,,,,
Reverse Hyperextension,legs,"glutes:1.0, hamstrings:1.0, lowerBack:0.7",pending,,,,
Reverse Nordic Curl,legs,"quads:1.0, hipFlexors:0.4",pending,,,,
Reverse lunges,legs,"quads:1.0, glutes:1.0, hamstrings:0.7, adductors:0.4",pending,,,,
Romanian Deadlift,legs,"hamstrings:1.0, glutes:1.0, lowerBack:0.7",pending,,,,
Seated Dumbbell Calf Raise,legs,calves:1.0,pending,,,,
Seated Hip Abduction,legs,glutes:1.0,pending,,,,
Seated Hip Adduction,legs,adductors:1.0,pending,,,,
Shrimp Squad,legs,"quads:1.0, glutes:1.0, hamstrings:0.7, adductors:0.4",pending,,,,
Side Lying Hip Abduction,legs,glutes:1.0,pending,,,,
Side Slides + Squats,legs,"quads:1.0, glutes:1.0, adductors:0.7, hamstrings:0.7, calves:0.4, abs:0.2",pending,,,,
Single Leg Clockface,legs,"glutes:1.0, quads:1.0, hamstrings:0.7, adductors:0.4, calves:0.4, abs:0.2",pending,,,,
Single Leg Extension,legs,quads:1.0,pending,,,,
Single Leg Glute Bridge,legs,"glutes:1.0, hamstrings:0.4",pending,,,,
Single Leg Hip Thrusts (warm-up),legs,"glutes:1.0, hamstrings:0.7, abs:0.4, quads:0.2",pending,,,,
Single Leg RDL,legs,"hamstrings:1.0, glutes:1.0, lowerBack:0.4",pending,,,,
Single-Leg Deadlift with Dumbbell,legs,"hamstrings:1.0, glutes:1.0, lowerBack:0.7, forearms:0.4",pending,,,,
Single-Leg Lunge with Kettlebell:,legs,"quads:1.0, glutes:1.0, hamstrings:0.7, adductors:0.4",pending,,,,
Single-leg side glute press,legs,"glutes:1.0, adductors:0.4",pending,,,,
Sitting Calf Raises,legs,calves:1.0,pending,,,,
Sliding Lateral Lunge,legs,"quads:1.0, glutes:1.0, adductors:0.7, hamstrings:0.4",pending,,,,
"Slow Hands, Fast Feet",legs,"calves:1.0, quads:0.7, hipFlexors:0.7, deltoids:0.4, glutes:0.4, abs:0.2",pending,,,,
Slow Squat,legs,"quads:1.0, glutes:1.0, hamstrings:0.7, adductors:0.4, calves:0.4, abs:0.2",pending,,,,
Smith Machine Split Squat,legs,"quads:1.0, glutes:1.0, hamstrings:0.7, adductors:0.4",pending,,,,
Smith machine squat,legs,"quads:1.0, glutes:1.0, hamstrings:0.7, adductors:0.4",pending,,,,
Speed Deadlift,legs,"glutes:1.0, hamstrings:1.0, lowerBack:1.0, traps:0.7, forearms:0.7, quads:0.4, lats:0.4",pending,,,,
Squat Jumps,legs,"quads:1.0, glutes:1.0, calves:0.7, hamstrings:0.4",pending,,,,
Squat Thrust,legs,"quads:1.0, glutes:1.0, hipFlexors:0.7, abs:0.7, hamstrings:0.4, deltoids:0.4, calves:0.4",pending,,,,
Squats,legs,"quads:1.0, glutes:1.0, hamstrings:0.7, lowerBack:0.4, adductors:0.4",pending,,,,
Squats on Multipress,legs,"quads:1.0, glutes:1.0, hamstrings:0.7, adductors:0.4, calves:0.4, lowerBack:0.2, abs:0.2",pending,,,,
Standing Adduction (Cable),legs,adductors:1.0,pending,,,,
Standing Calf Raises,legs,calves:1.0,pending,,,,
Step-ups,legs,"quads:1.0, glutes:1.0, hamstrings:0.7",pending,,,,
Stiff-legged Deadlifts,legs,"hamstrings:1.0, glutes:1.0, lowerBack:0.7, forearms:0.4",pending,,,,
Sumo Deadlift,legs,"glutes:1.0, adductors:1.0, quads:1.0, lowerBack:0.7, hamstrings:0.4, traps:0.4",pending,,,,
Sumo Squats,legs,"quads:1.0, glutes:1.0, adductors:0.7, hamstrings:0.4",pending,,,,
Supine Hip Abduction,legs,glutes:1.0,pending,,,,
Thruster,legs,"quads:1.0, glutes:1.0, deltoids:0.7, triceps:0.4, traps:0.4, abs:0.4",pending,,,,
Tibialis raises,legs,shins:1.0,pending,,,,
Trap Bar Deadlift,legs,"glutes:1.0, quads:1.0, hamstrings:0.7, lowerBack:0.7, traps:0.4, forearms:0.4, abs:0.2",pending,,,,
Trap Bar Squat,legs,"quads:1.0, glutes:1.0, hamstrings:0.7, lowerBack:0.4, traps:0.4",pending,,,,
Unilateral Hip Thrust,legs,"glutes:1.0, hamstrings:0.7, quads:0.4",pending,,,,
Unilateral Lunges,legs,"quads:1.0, glutes:1.0, hamstrings:0.7, adductors:0.4, calves:0.4, abs:0.2",pending,,,,
Walking Lunges,legs,"quads:1.0, glutes:1.0, hamstrings:0.7, adductors:0.4",pending,,,,
Wall balls,legs,"quads:1.0, glutes:1.0, deltoids:0.7, triceps:0.4, abs:0.4",pending,,,,
Wall-sit,legs,"quads:1.0, glutes:0.7, adductors:0.4",pending,,,,
Weighted Step-ups,legs,"quads:1.0, glutes:1.0, hamstrings:0.7, calves:0.4, adductors:0.4, abs:0.2",pending,,,,
dumbbell snatch,legs,"glutes:1.0, hamstrings:1.0, deltoids:0.7, quads:0.7, traps:0.4, lowerBack:0.4, forearms:0.4",pending,,,,
kettlebell sumo deadlift,legs,"glutes:1.0, adductors:1.0, quads:0.7, hamstrings:0.7, lowerBack:0.4",pending,,,,
rubber band glute kickback,legs,"glutes:1.0, hamstrings:0.4",pending,,,,
45° lateral raises,shoulders,"deltoids:1.0, traps:0.4",pending,,,,
Arnold Shoulder Press,shoulders,"deltoids:1.0, triceps:0.7, traps:0.4",pending,,,,
BUS DRIVERS,shoulders,"deltoids:1.0, serratus:0.4, traps:0.4",pending,,,,
Band pull-apart with external rotation,shoulders,"deltoids:1.0, rhomboids:0.4, traps:0.4, teres:0.4",pending,,,,
Banded External Rotations,shoulders,"teres:1.0, deltoids:0.4, rhomboids:0.2",pending,,,,
Banded Shadow Box,shoulders,"deltoids:1.0, pectorals:0.7, triceps:0.7, serratus:0.4, obliques:0.4, forearms:0.2",pending,,,,
Barbell Clean and press,shoulders,"deltoids:1.0, triceps:0.7, quads:0.7, traps:0.4, glutes:0.4",pending,,,,
Barbell Silverback Shrug,shoulders,"traps:1.0, rhomboids:0.4, deltoids:0.4",pending,,,,
Behind the Back Cable Lateral Raise,shoulders,"deltoids:1.0, traps:0.4",pending,,,,
Bent High Pulls,shoulders,"deltoids:1.0, traps:1.0, biceps:0.4, rhomboids:0.4",pending,,,,
Bent-over Lateral Raises,shoulders,"deltoids:1.0, rhomboids:0.4, traps:0.4",pending,,,,
Butterfly Reverse,shoulders,"deltoids:1.0, rhomboids:0.4, traps:0.4",pending,,,,
Cable External Rotation,shoulders,"deltoids:1.0, teres:0.4",pending,,,,
Cable Front Raise with a small bar,shoulders,"deltoids:1.0, serratus:0.4",pending,,,,
Cable Lateral Raises (Single Arm),shoulders,"deltoids:1.0, traps:0.4",pending,,,,
Cable Rear Delt Fly,shoulders,"deltoids:1.0, rhomboids:0.4, traps:0.4",pending,,,,
Cable Rear-Delt Fly (single arm),shoulders,"deltoids:1.0, rhomboids:0.4, traps:0.4",pending,,,,
Cable Shrug-In,shoulders,"traps:1.0, rhomboids:0.4",pending,,,,
Chair dips,shoulders,"triceps:1.0, pectorals:0.4, deltoids:0.4",pending,,,,
Chest-Supported Rear Delt Raise,shoulders,"deltoids:1.0, rhomboids:0.4, traps:0.4",pending,,,,
Clean and Jerk OL,shoulders,"deltoids:1.0, quads:0.7, glutes:0.7, triceps:0.7, hamstrings:0.4, traps:0.4",pending,,,,
Clean and Press,shoulders,"deltoids:1.0, triceps:0.7, quads:0.7, traps:0.4, glutes:0.4",pending,,,,
Devil’s Press,shoulders,"deltoids:1.0, glutes:0.7, pectorals:0.7, triceps:0.4, hamstrings:0.4, quads:0.4, lats:0.4",pending,,,,
Diagonal Shoulder Press,shoulders,"deltoids:1.0, triceps:0.7, pectorals:0.4, traps:0.4",pending,,,,
Dumbbell Bradford press,shoulders,"deltoids:1.0, triceps:0.7, traps:0.4",pending,,,,
Dumbbell Scaption,shoulders,"deltoids:1.0, traps:0.4, serratus:0.4",pending,,,,
Dumbbell Shrug,shoulders,"traps:1.0, forearms:0.4",pending,,,,
Dumbbell rear delt row,shoulders,"deltoids:1.0, rhomboids:0.7, traps:0.7, biceps:0.4",pending,,,,
Facepull,shoulders,"deltoids:1.0, traps:0.7, rhomboids:0.7, teres:0.4",pending,,,,
Front Plate Raise,shoulders,"deltoids:1.0, serratus:0.4",pending,,,,
Front Raise (Cable),shoulders,"deltoids:1.0, serratus:0.4",pending,,,,
Front Raises,shoulders,"deltoids:1.0, serratus:0.4",pending,,,,
Front Raises with Plates,shoulders,"deltoids:1.0, serratus:0.4",pending,,,,
Handstand Push Up,shoulders,"deltoids:1.0, triceps:1.0, pectorals:0.4, traps:0.4",pending,,,,
High Pull,shoulders,"traps:1.0, deltoids:1.0, biceps:0.4, forearms:0.4",pending,,,,
High-Cable Lateral Raise,shoulders,"deltoids:1.0, traps:0.4",pending,,,,
Hindu Pushups,shoulders,"deltoids:1.0, pectorals:1.0, triceps:0.4, abs:0.4",pending,,,,
Incline DB Y-Raise,shoulders,"deltoids:1.0, traps:0.4, serratus:0.4",pending,,,,
Incline OHP DB,shoulders,"deltoids:1.0, triceps:0.7, traps:0.4",pending,,,,
Jerk OL,shoulders,"deltoids:1.0, triceps:0.7, quads:0.7, glutes:0.7, traps:0.4",pending,,,,
Kreis Press DB,shoulders,"deltoids:1.0, triceps:0.7, traps:0.4, serratus:0.2",pending,,,,
Landmine Punch,shoulders,"deltoids:1.0, pectorals:0.7, serratus:0.7, triceps:0.4, obliques:0.4, abs:0.2",pending,,,,
Landmine press,shoulders,"deltoids:1.0, triceps:0.7, pectorals:0.4, serratus:0.4",pending,,,,
Lateral Raises,shoulders,"deltoids:1.0, traps:0.4",pending,,,,
"Lateral Rows on Cable, One Armed",shoulders,"deltoids:1.0, traps:0.4",pending,,,,
Lateral-to-Front Raises,shoulders,"deltoids:1.0, traps:0.4, serratus:0.4",pending,,,,
Lying Rotator Cuff Exercise,shoulders,"deltoids:1.0, teres:0.4",pending,,,,
Machine Side Lateral Raises,shoulders,"deltoids:1.0, traps:0.4",pending,,,,
Military Press mit SZ-Bar,shoulders,"deltoids:1.0, triceps:0.7, traps:0.4",pending,,,,
Overhead Barbell Press,shoulders,"deltoids:1.0, triceps:0.7, traps:0.4",pending,,,,
Overhead Press,shoulders,"deltoids:1.0, triceps:0.7, traps:0.4",pending,,,,
Pec deck rear delt fly,shoulders,"deltoids:1.0, rhomboids:0.4, traps:0.4",pending,,,,
Perpendicular Unilateral Landmine Row,shoulders,"deltoids:1.0, traps:0.7, rhomboids:0.4, biceps:0.4",pending,,,,
Pin OHP,shoulders,"deltoids:1.0, triceps:0.7, traps:0.4",pending,,,,
Prone Banded Press,shoulders,"deltoids:1.0, rhomboids:0.4, traps:0.4, teres:0.4",pending,,,,
Pseudo Planche Push-up,shoulders,"deltoids:1.0, pectorals:0.7, triceps:0.4, serratus:0.4, abs:0.4",pending,,,,
Punch Iso Holds,shoulders,"deltoids:1.0, pectorals:0.4, triceps:0.4, serratus:0.2",pending,,,,
Push OHP,shoulders,"deltoids:1.0, triceps:0.7, quads:0.7, glutes:0.7, traps:0.4",pending,,,,
Push Press,shoulders,"deltoids:1.0, triceps:0.7, traps:0.4, quads:0.4, glutes:0.4",pending,,,,
Rear Delt Raise,shoulders,"deltoids:1.0, traps:0.4, rhomboids:0.4",pending,,,,
Reverse Fly Standing,shoulders,"deltoids:1.0, rhomboids:0.4, traps:0.4",pending,,,,
Schoulder Raise (Dumbbell),shoulders,"deltoids:1.0, traps:0.4",pending,,,,
Seated Dumbbell Side Lateral,shoulders,"deltoids:1.0, traps:0.4",pending,,,,
Shoulder Dumbbell Pendular Exercise,shoulders,"deltoids:1.0, teres:0.4, forearms:0.2",pending,,,,
Shoulder External Rotation (Cable),shoulders,"deltoids:1.0, teres:0.4",pending,,,,
Shoulder External Rotation with Dumbbell,shoulders,"deltoids:1.0, teres:0.4",pending,,,,
Shoulder Internal Rotation (Cable),shoulders,"deltoids:1.0, pectorals:0.4",pending,,,,
"Shoulder Press, Barbell",shoulders,"deltoids:1.0, triceps:0.7, traps:0.4",pending,,,,
"Shoulder Press, Dumbbells",shoulders,"deltoids:1.0, triceps:0.7, traps:0.4",pending,,,,
"Shoulder Press, on Machine",shoulders,"deltoids:1.0, triceps:0.7, traps:0.4",pending,,,,
"Shoulder Press, on Multi Press",shoulders,"deltoids:1.0, triceps:0.7, traps:0.4",pending,,,,
Shoulder Raise Side and Front DB,shoulders,"deltoids:1.0, serratus:0.4, traps:0.4",pending,,,,
Shoulder Shrug,shoulders,"traps:1.0, forearms:0.4",pending,,,,
Shoulder Y-pull cable,shoulders,"deltoids:1.0, traps:0.7, rhomboids:0.4",pending,,,,
Shrugs on Multipress,shoulders,"traps:1.0, forearms:0.4",pending,,,,
Side Lateral Raise (Cable),shoulders,"deltoids:1.0, traps:0.2, serratus:0.2",pending,,,,
Side lateral raise - Back (Cable),shoulders,"deltoids:1.0, traps:0.4",pending,,,,
Side lateral raise - Front (Cable),shoulders,"deltoids:1.0, traps:0.4",pending,,,,
Side-laying interior rotation,shoulders,"deltoids:1.0, pectorals:0.4",pending,,,,
Side-lying External Rotation,shoulders,"deltoids:1.0, teres:0.4",pending,,,,
Single-arm dumbbell shoulder press,shoulders,"deltoids:1.0, triceps:0.7, traps:0.4, abs:0.4",pending,,,,
Smith Press,shoulders,"deltoids:1.0, triceps:0.7, traps:0.4",pending,,,,
Straight Bar Cable Front Raise,shoulders,"deltoids:1.0, serratus:0.4",pending,,,,
Trap press,shoulders,"traps:1.0, serratus:0.4",pending,,,,
Tuck planche,shoulders,"deltoids:1.0, abs:0.7, serratus:0.7, pectorals:0.4, triceps:0.4, forearms:0.2, lowerBack:0.2",pending,,,,
Upright Row w/ Dumbbells,shoulders,"deltoids:1.0, traps:1.0, biceps:0.4",pending,,,,
"Upright Row, SZ-bar",shoulders,"deltoids:1.0, traps:1.0, biceps:0.4",pending,,,,
"Upright Row, on Multi Press",shoulders,"deltoids:1.0, traps:1.0, biceps:0.4",pending,,,,
unilateral cross body cable pull down,shoulders,"deltoids:1.0, lats:0.4, teres:0.4",pending,,,,
½ Kneeling Dumbbell Press,shoulders,"deltoids:1.0, triceps:0.7, traps:0.4, abs:0.4, obliques:0.2",pending,,,,
½ Kneeling Landmine Press,shoulders,"deltoids:1.0, triceps:0.7, pectorals:0.7, serratus:0.4, abs:0.4, obliques:0.2",pending,,,,
